{
    "rmse": 0.724236177138371,
    "mae": 0.5546950843473352,
    "r2": 0.23253663483497833
}