{
    "rmse": 0.7201870049409975,
    "mae": 0.5560430162320358,
    "r2": 0.2543569262710116
}